{
  "channel_order": [
    "rmsd_ligand",
    "interaction_energy",
    "distance",
    "bSASA"
  ],
  "clip_bounds": {
    "rmsd_ligand": [
      0.0,
      50.0
    ],
    "interaction_energy": [
      -500.0,
      50.0
    ],
    "distance": [
      0.0,
      50.0
    ],
    "bSASA": [
      0.0,
      2500.0
    ]
  },
  "train_mean": [
    2.9133410453796387,
    -32.33284378051758,
    15.118926048278809,
    537.0286254882812
  ],
  "train_std": [
    3.8270485401153564,
    34.141502380371094,
    8.050786972045898,
    238.41859436035156
  ],
  "n_train_systems": 13758
}