{
  "mean": [
    1.9926141500473022,
    3.4415862560272217,
    358.5050048828125,
    2.156374216079712,
    4.8483567237854,
    15.200922966003418,
    -32.4561653137207,
    15.194255828857422,
    2.9815547466278076,
    541.801025390625
  ],
  "std": [
    2.3399784564971924,
    0.1157035231590271,
    165.68130493164062,
    3.3338520526885986,
    1.63632333278656,
    180.8490753173828,
    36.82146453857422,
    8.532984733581543,
    5.0424041748046875,
    607.9320678710938
  ],
  "n_train": 13765
}