{
  "mean": [
    1.9491280317306519,
    3.432534694671631,
    360.7685852050781,
    2.1757266521453857,
    4.817226409912109,
    31.907773971557617
  ],
  "std": [
    2.544142961502075,
    0.06508816033601761,
    174.3738555908203,
    3.6151463985443115,
    1.956520438194275,
    300.85992431640625
  ],
  "n_train": 1625
}